{"Darjeeling": {"raw_min": {"0": -11.8, "1": -11.8, "2": -11.8, "3": -11.8, "4": -11.8, "5": -11.8, "6": -11.8, "7": -11.8}, "raw_max": {"0": 12.0, "1": 12.0, "2": 12.0, "3": 12.0, "4": 12.0, "5": 12.0, "6": 12.0, "7": 12.0}, "pwl_fit": {"0": {"x_breaks": [-12.0, -11.8, -11.6, -11.4, -11.2, -11.0, -10.8, -10.6, -10.4, -10.2, -10.0, -9.8, -9.6, -9.4, -9.2, -9.0, -8.8, -8.6, -8.4, -8.2, -8.0, -7.6, -7.2, -6.8, -6.4, -6.0, -5.6, -5.2, -4.8, -4.4, -4.0, -3.6, -3.2, -2.8, -2.4, -2.0, -1.6, -1.2, -0.8, -0.4, 0.0, 0.4, 0.8, 1.2, 1.6, 2.0, 2.4, 2.8, 3.2, 3.6, 4.0, 4.4, 4.8, 5.2, 5.6, 6.0, 6.4, 6.8, 7.2, 7.6, 8.0, 8.2, 8.4, 8.6, 8.8, 9.0, 9.2, 9.4, 9.6, 9.8, 10.0, 10.2, 10.4, 10.6, 10.8, 11.0, 11.2, 11.4, 11.6, 11.8, 12.0], "y_breaks": [2275522.249998256, -11.790943540632725, -11.591173048131168, -11.391454727388918, -11.191641941806301, -10.991835212474689, -10.79196637161076, -10.592118790932, -10.392021641507744, -10.192168932501227, -9.992239353619517, -9.79229665705934, -9.59237809330225, -9.39241899214685, -9.192475586663932, -8.9924543293193, -8.792429588362573, -8.5924813429825, -8.392521512415259, -8.192563582491129, -7.992610602546483, -7.592646234575659, -7.192558373976499, -6.792646319326012, -6.392700600158423, -5.9926049343310295, -5.592474952619523, -5.192556521203369, -4.7925990187563, -4.392453079950065, -3.9924397994764145, -3.592469040770083, -3.192492673266679, -2.792298349365592, -2.3923170937225224, -1.992318059131503, -1.5922565444372594, -1.1920694783329964, -0.7921115428209304, -0.39207114512100816, 0.007920519029721613, 0.4078803430311381, 0.8079112349543721, 1.207801150344312, 1.6081846710760146, 2.008263906626962, 2.4082528737373656, 2.8082261102041226, 3.20840948051773, 3.6083837614627554, 4.008365572802722, 4.408432637271471, 4.808783512213267, 5.208669543727593, 5.608672822234803, 6.008620435638295, 6.408607541635865, 6.808587509790959, 7.2084859402821175, 7.608802859128628, 8.008839754469228, 8.20878575602328, 8.408808443190352, 8.608811289577718, 8.808758957943065, 9.008779891790619, 9.208840071332087, 9.408805134741849, 9.608730787810783, 9.80874028697217, 10.00864836195615, 10.208635245945333, 10.408515855714356, 10.608903518541046, 10.808804208567745, 11.008794345321805, 11.20875870886448, 11.408761811817383, 11.608738874897973, 11.808735751400674, 12.008581076795965]}, "1": {"x_breaks": [-12.0, -11.8, -11.6, -11.4, -11.2, -11.0, -10.8, -10.6, -10.4, -10.2, -10.0, -9.8, -9.6, -9.4, -9.2, -9.0, -8.8, -8.6, -8.4, -8.2, -8.0, -7.6, -7.2, -6.8, -6.4, -6.0, -5.6, -5.2, -4.8, -4.4, -4.0, -3.6, -3.2, -2.8, -2.4, -2.0, -1.6, -1.2, -0.8, -0.4, 0.0, 0.4, 0.8, 1.2, 1.6, 2.0, 2.4, 2.8, 3.2, 3.6, 4.0, 4.4, 4.8, 5.2, 5.6, 6.0, 6.4, 6.8, 7.2, 7.6, 8.0, 8.2, 8.4, 8.6, 8.8, 9.0, 9.2, 9.4, 9.6, 9.8, 10.0, 10.2, 10.4, 10.6, 10.8, 11.0, 11.2, 11.4, 11.6, 11.8, 12.0], "y_breaks": [171927.0764312892, -11.819230580265867, -11.61959020345239, -11.419847160985228, -11.219997128956312, -11.020181400005821, -10.820294352450583, -10.62039088952297, -10.420508196153968, -10.220545059710275, -10.020632950605068, -9.82062358270341, -9.620683617338365, -9.420687514572636, -9.220730319739959, -9.02071137127059, -8.820699338633858, -8.620735409623014, -8.420762976542756, -8.220750505893374, -8.020727891755815, -7.620757157435582, -7.220805189544627, -6.820769425090112, -6.420683929907683, -6.0208134694592434, -5.62092458189727, -5.2208435977503544, -4.820772976709123, -4.420763690186141, -4.020725776343896, -3.6206187333606064, -3.220579389425984, -2.82041076823225, -2.4203515008281102, -2.020239871645754, -1.6201747467930545, -1.220130724464252, -0.8200266611020197, -0.41993622742738806, -0.019848646387981714, 0.3801613391507999, 0.7802282673874287, 1.1802797217460468, 1.5803665625673602, 1.980424708746432, 2.380481644680549, 2.780504528387974, 3.180860032270721, 3.5808913283937724, 3.9809578323576713, 4.381002065145004, 4.781066931060923, 5.181090790518828, 5.581096253396026, 5.981230179958039, 6.381385179771314, 6.781359778717342, 7.181384303142476, 7.581392841791057, 7.981418753493927, 8.181421173016588, 8.381483685796592, 8.58146243193178, 8.78148388007721, 8.981602643889438, 9.181712890622384, 9.381662367268381, 9.58166905268381, 9.78167908844889, 9.981599048022783, 10.18161395229663, 10.381614924188488, 10.581598937201216, 10.781533741835753, 10.981559517913276, 11.181521608339244, 11.381574237768064, 11.581522970743663, 11.781584986653295, 11.981522549022877]}, "2": {"x_breaks": [-12.0, -11.8, -11.6, -11.4, -11.2, -11.0, -10.8, -10.6, -10.4, -10.2, -10.0, -9.8, -9.6, -9.4, -9.2, -9.0, -8.8, -8.6, -8.4, -8.2, -8.0, -7.6, -7.2, -6.8, -6.4, -6.0, -5.6, -5.2, -4.8, -4.4, -4.0, -3.6, -3.2, -2.8, -2.4, -2.0, -1.6, -1.2, -0.8, -0.4, 0.0, 0.4, 0.8, 1.2, 1.6, 2.0, 2.4, 2.8, 3.2, 3.6, 4.0, 4.4, 4.8, 5.2, 5.6, 6.0, 6.4, 6.8, 7.2, 7.6, 8.0, 8.2, 8.4, 8.6, 8.8, 9.0, 9.2, 9.4, 9.6, 9.8, 10.0, 10.2, 10.4, 10.6, 10.8, 11.0, 11.2, 11.4, 11.6, 11.8, 12.0], "y_breaks": [5367605.653628785, -11.79567398224026, -11.596435064449906, -11.397184593603015, -11.197773329215124, -10.998428858444095, -10.798917053965852, -10.599472689628602, -10.39995737397112, -10.200547785963863, -10.00101235951297, -9.801519831456243, -9.60199375175871, -9.402421406190841, -9.202942340960726, -9.003426759690047, -8.803868751460685, -8.604360286239535, -8.404818106768653, -8.205270126461983, -8.00573097546585, -7.60667414306663, -7.207462022686377, -6.808352510584519, -6.409225075738505, -6.00995037718676, -5.610655481973662, -5.211492641223594, -4.812367577897385, -4.413183125993237, -4.014044510060922, -3.6148293222766372, -3.215689531015232, -2.8165257835295052, -2.4173691662494097, -2.018153919419273, -1.6189852627459915, -1.2197465972509238, -0.8205412440467625, -0.42134989597834654, -0.02218677722848952, 0.3770099816378207, 0.7762504709418863, 1.1754499030765146, 1.5747619999106977, 1.9739728131797167, 2.3731920614372934, 2.7724275631364437, 3.1714304923545567, 3.570689897378906, 3.9699037695769226, 4.369097525929103, 4.768353777937592, 5.167526245894259, 5.5667160741693795, 5.965894226453382, 6.365075534244536, 6.764252032779042, 7.163401488034287, 7.562638719045207, 7.961790294642558, 8.161396375011828, 8.361021066093237, 8.560615418131057, 8.760235632158583, 8.959662866462892, 9.159117447951575, 9.358701449948423, 9.55826968358306, 9.757839597201382, 9.957339067314749, 10.156881012396479, 10.35647000775498, 10.556103644477846, 10.755668840493309, 10.955216340317563, 11.15475272538897, 11.354354755244277, 11.553970471583309, 11.75351042625116, 11.953126997416257]}, "3": {"x_breaks": [-12.0, -11.8, -11.6, -11.4, -11.2, -11.0, -10.8, -10.6, -10.4, -10.2, -10.0, -9.8, -9.6, -9.4, -9.2, -9.0, -8.8, -8.6, -8.4, -8.2, -8.0, -7.6, -7.2, -6.8, -6.4, -6.0, -5.6, -5.2, -4.8, -4.4, -4.0, -3.6, -3.2, -2.8, -2.4, -2.0, -1.6, -1.2, -0.8, -0.4, 0.0, 0.4, 0.8, 1.2, 1.6, 2.0, 2.4, 2.8, 3.2, 3.6, 4.0, 4.4, 4.8, 5.2, 5.6, 6.0, 6.4, 6.8, 7.2, 7.6, 8.0, 8.2, 8.4, 8.6, 8.8, 9.0, 9.2, 9.4, 9.6, 9.8, 10.0, 10.2, 10.4, 10.6, 10.8, 11.0, 11.2, 11.4, 11.6, 11.8, 12.0],