{
  "0": [
    1.0692162287254676,
    0.000628261569580099
  ],
  "1": [
    1.0692466380151946,
    4.5810445556671775e-05
  ],
  "2": [
    1.0679704967016073,
    0.0009082013463134951
  ],
  "3": [
    1.0680179207974507,
    0.0008276060235596094
  ],
  "4": [
    1.0707214945409265,
    0.00044636019860840503
  ],
  "5": [
    1.0688727238074016,
    0.0005781625850830404
  ],
  "6": [
    1.0687808069971338,
    0.00021971593261721847
  ]
}